{
  "n_runs": 512,
  "beta_target": 10.0,
  "dt": 0.01,
  "max_steps": 200000,
  "success_threshold": -1.5,
  "A_list_diags": [
    "isotropic",
    [
      20.0,
      20.0,
      10.010000228881836
    ],
    [
      1.0,
      1.0,
      0.009999999776482582
    ]
  ]
}