{
    "Isotropic": {
        "prob": 1.0,
        "ci": [
            0.9981277307176146,
            0.9999999999999998
        ]
    },
    "Aniso-Large": {
        "prob": 0.92236328125,
        "ci": [
            0.9099665935427674,
            0.9331784133622489
        ]
    }
}