{
    "Isotropic": {
        "prob": 0.99658203125,
        "ci": [
            0.9936341235334237,
            0.9982361041133378
        ]
    },
    "Aniso-Small": {
        "prob": 1.0,
        "ci": [
            0.9981261313791338,
            1.0
        ]
    },
    "Aniso-Large": {
        "prob": 0.05859375,
        "ci": [
            0.04943444211831498,
            0.06924559384742728
        ]
    }
}