{
    "Isotropic": {
        "prob": 0.865234375,
        "ci": [
            0.8497592964631225,
            0.87934181933451
        ]
    },
    "Aniso-Small": {
        "prob": 0.97119140625,
        "ci": [
            0.9630179913851146,
            0.9776004267227939
        ]
    },
    "Aniso-Large": {
        "prob": 0.009765625,
        "ci": [
            0.00633057141859249,
            0.015036380104371073
        ]
    }
}