{
    "Isotropic": {
        "prob": 1.0,
        "ci": [
            0.9981277307176146,
            0.9999999999999998
        ]
    },
    "Aniso-Large": {
        "prob": 0.92578125,
        "ci": [
            0.9136139485568221,
            0.9363541971323966
        ]
    }
}